date,totalCirculating,totalUnreleased,totalCirculatingUSD,totalMintedUSD,totalBridgedToUSD
1652313600,{'peggedUSD': 30869358.45},{'peggedUSD': 0},{'peggedUSD': 30869358.45},{'peggedUSD': 0},{'peggedUSD': 30869358.45}
1652400000,{'peggedUSD': 30865055.41},{'peggedUSD': 0},{'peggedUSD': 30865055.41},{'peggedUSD': 0},{'peggedUSD': 30865055.41}
1652486400,{'peggedUSD': 24379902.89},{'peggedUSD': 0},{'peggedUSD': 24379902.89},{'peggedUSD': 0},{'peggedUSD': 24379902.89}
1652572800,{'peggedUSD': 22768794.38},{'peggedUSD': 0},{'peggedUSD': 22744790.61},{'peggedUSD': 0},{'peggedUSD': 22744790.61}
1652659200,{'peggedUSD': 24847697.66},{'peggedUSD': 0},{'peggedUSD': 24825792.18},{'peggedUSD': 0},{'peggedUSD': 24825792.18}
1652745600,{'peggedUSD': 23809828.03},{'peggedUSD': 0},{'peggedUSD': 23788837.52},{'peggedUSD': 0},{'peggedUSD': 23788837.52}
1652832000,{'peggedUSD': 22071156},{'peggedUSD': 0},{'peggedUSD': 22048165.81},{'peggedUSD': 0},{'peggedUSD': 22048165.81}
1652918400,{'peggedUSD': 21831321.31},{'peggedUSD': 0},{'peggedUSD': 21810020.92},{'peggedUSD': 0},{'peggedUSD': 21810020.92}
1653004800,{'peggedUSD': 21425943.4},{'peggedUSD': 0},{'peggedUSD': 21412620.53},{'peggedUSD': 0},{'peggedUSD': 21412620.53}
1653091200,{'peggedUSD': 21966639.25},{'peggedUSD': 0},{'peggedUSD': 21952980.18},{'peggedUSD': 0},{'peggedUSD': 21952980.18}
1653177600,{'peggedUSD': 21785364.28},{'peggedUSD': 0},{'peggedUSD': 21761434.8},{'peggedUSD': 0},{'peggedUSD': 21761434.8}
1653264000,{'peggedUSD': 21467584.17},{'peggedUSD': 0},{'peggedUSD': 21448263.34},{'peggedUSD': 0},{'peggedUSD': 21448263.34}
1653350400,{'peggedUSD': 21508793.34},{'peggedUSD': 0},{'peggedUSD': 21487284.54},{'peggedUSD': 0},{'peggedUSD': 21487284.54}
1653436800,{'peggedUSD': 21508793.34},{'peggedUSD': 0},{'peggedUSD': 21487284.54},{'peggedUSD': 0},{'peggedUSD': 21487284.54}
1653523200,{'peggedUSD': 21989821.74},{'peggedUSD': 0},{'peggedUSD': 21967534.39},{'peggedUSD': 0},{'peggedUSD': 21967534.39}
1653609600,{'peggedUSD': 21970222.92},{'peggedUSD': 0},{'peggedUSD': 21949499.06},{'peggedUSD': 0},{'peggedUSD': 21949499.06}
1653696000,{'peggedUSD': 17006132.65},{'peggedUSD': 0},{'peggedUSD': 16991144.64},{'peggedUSD': 0},{'peggedUSD': 16991144.64}
1653782400,{'peggedUSD': 16921581.86},{'peggedUSD': 0},{'peggedUSD': 16907682.3},{'peggedUSD': 0},{'peggedUSD': 16907682.3}
1653868800,{'peggedUSD': 16922456.09},{'peggedUSD': 0},{'peggedUSD': 16915960.07},{'peggedUSD': 0},{'peggedUSD': 16915960.07}
1653955200,{'peggedUSD': 15916007.18},{'peggedUSD': 0},{'peggedUSD': 15907506.12},{'peggedUSD': 0},{'peggedUSD': 15907506.12}
1654041600,{'peggedUSD': 15367026.25},{'peggedUSD': 0},{'peggedUSD': 15358818.41},{'peggedUSD': 0},{'peggedUSD': 15358818.41}
1654128000,{'peggedUSD': 15026685.26},{'peggedUSD': 0},{'peggedUSD': 15017669.25},{'peggedUSD': 0},{'peggedUSD': 15017669.25}
1654214400,{'peggedUSD': 15044248.84},{'peggedUSD': 0},{'peggedUSD': 15036726.71},{'peggedUSD': 0},{'peggedUSD': 15036726.71}
1654300800,{'peggedUSD': 14608743.49},{'peggedUSD': 0},{'peggedUSD': 14600728.26},{'peggedUSD': 0},{'peggedUSD': 14600728.26}
1654387200,{'peggedUSD': 14608591.63},{'peggedUSD': 0},{'peggedUSD': 14598365.62},{'peggedUSD': 0},{'peggedUSD': 14598365.62}
1654473600,{'peggedUSD': 14608681.81},{'peggedUSD': 0},{'peggedUSD': 14599141.17},{'peggedUSD': 0},{'peggedUSD': 14599141.17}
1654560000,{'peggedUSD': 14539212.97},{'peggedUSD': 0},{'peggedUSD': 14531981.46},{'peggedUSD': 0},{'peggedUSD': 14531981.46}
1654646400,{'peggedUSD': 14425381.76},{'peggedUSD': 0},{'peggedUSD': 14418206.86},{'peggedUSD': 0},{'peggedUSD': 14418206.86}
1654732800,{'peggedUSD': 14016315.46},{'peggedUSD': 0},{'peggedUSD': 14010164.96},{'peggedUSD': 0},{'peggedUSD': 14010164.96}
1654819200,{'peggedUSD': 14016779.03},{'peggedUSD': 0},{'peggedUSD': 14010680.19},{'peggedUSD': 0},{'peggedUSD': 14010680.19}
1654905600,{'peggedUSD': 13922305.37},{'peggedUSD': 0},{'peggedUSD': 13918068.81},{'peggedUSD': 0},{'peggedUSD': 13918068.81}
1654992000,{'peggedUSD': 13719737.41},{'peggedUSD': 0},{'peggedUSD': 13709421.27},{'peggedUSD': 0},{'peggedUSD': 13709421.27}
1655078400,{'peggedUSD': 13538713.89},{'peggedUSD': 0},{'peggedUSD': 13533298.4},{'peggedUSD': 0},{'peggedUSD': 13533298.4}
1655164800,{'peggedUSD': 12172775.04},{'peggedUSD': 0},{'peggedUSD': 12152081.32},{'peggedUSD': 0},{'peggedUSD': 12152081.32}
1655251200,{'peggedUSD': 12109178.78},{'peggedUSD': 0},{'peggedUSD': 12096384.35},{'peggedUSD': 0},{'peggedUSD': 12096384.35}
1655337600,{'peggedUSD': 11930373.36},{'peggedUSD': 0},{'peggedUSD': 11913670.83},{'peggedUSD': 0},{'peggedUSD': 11913670.83}
1655424000,{'peggedUSD': 11436703.02},{'peggedUSD': 0},{'peggedUSD': 11424104.58},{'peggedUSD': 0},{'peggedUSD': 11424104.58}
1655510400,{'peggedUSD': 10350813.18},{'peggedUSD': 0},{'peggedUSD': 10338547.46},{'peggedUSD': 0},{'peggedUSD': 10338547.46}
1655596800,{'peggedUSD': 9690070.27},{'peggedUSD': 0},{'peggedUSD': 9680184.08},{'peggedUSD': 0},{'peggedUSD': 9680184.08}
1655683200,{'peggedUSD': 9705626.87},{'peggedUSD': 0},{'peggedUSD': 9693184.36},{'peggedUSD': 0},{'peggedUSD': 9693184.36}
1655769600,{'peggedUSD': 9655626.87},{'peggedUSD': 0},{'peggedUSD': 9645005.68},{'peggedUSD': 0},{'peggedUSD': 9645005.68}
1655856000,{'peggedUSD': 9936609.24},{'peggedUSD': 0},{'peggedUSD': 9926510.17},{'peggedUSD': 0},{'peggedUSD': 9926510.17}
1655942400,{'peggedUSD': 9727108.57},{'peggedUSD': 0},{'peggedUSD': 9720703.17},{'peggedUSD': 0},{'peggedUSD': 9720703.17}
1656028800,{'peggedUSD': 9724883.7},{'peggedUSD': 0},{'peggedUSD': 9716920.09},{'peggedUSD': 0},{'peggedUSD': 9716920.09}
1656115200,{'peggedUSD': 9407666.29},{'peggedUSD': 0},{'peggedUSD': 9400350.23},{'peggedUSD': 0},{'peggedUSD': 9400350.23}
1656201600,{'peggedUSD': 9427665.62},{'peggedUSD': 0},{'peggedUSD': 9421066.26},{'peggedUSD': 0},{'peggedUSD': 9421066.26}
1656288000,{'peggedUSD': 9413212.22},{'peggedUSD': 0},{'peggedUSD': 9408003.7},{'peggedUSD': 0},{'peggedUSD': 9408003.7}
1656374400,{'peggedUSD': 9516976.81},{'peggedUSD': 0},{'peggedUSD': 9511722.29},{'peggedUSD': 0},{'peggedUSD': 9511722.29}
1656460800,{'peggedUSD': 7551131.19},{'peggedUSD': 0},{'peggedUSD': 7544335.17},{'peggedUSD': 0},{'peggedUSD': 7544335.17}
1656547200,{'peggedUSD': 6812251.44},{'peggedUSD': 0},{'peggedUSD': 6804912.54},{'peggedUSD': 0},{'peggedUSD': 6804912.54}
1656633600,{'peggedUSD': 5063097.96},{'peggedUSD': 0},{'peggedUSD': 5057555.19},{'peggedUSD': 0},{'peggedUSD': 5057555.19}
1656720000,{'peggedUSD': 4850507.78},{'peggedUSD': 0},{'peggedUSD': 4845265.25},{'peggedUSD': 0},{'peggedUSD': 4845265.25}
1656806400,{'peggedUSD': 4844700.98},{'peggedUSD': 0},{'peggedUSD': 4839913.4},{'peggedUSD': 0},{'peggedUSD': 4839913.4}
1656892800,{'peggedUSD': 4885151.49},{'peggedUSD': 0},{'peggedUSD': 4880735.46},{'peggedUSD': 0},{'peggedUSD': 4880735.46}
1656979200,{'peggedUSD': 4895146.82},{'peggedUSD': 0},{'peggedUSD': 4890303.56},{'peggedUSD': 0},{'peggedUSD': 4890303.56}
1657065600,{'peggedUSD': 4877534.35},{'peggedUSD': 0},{'peggedUSD': 4876355.4},{'peggedUSD': 0},{'peggedUSD': 4876355.4}
1657152000,{'peggedUSD': 4845981.65},{'peggedUSD': 0},{'peggedUSD': 4844435.93},{'peggedUSD': 0},{'peggedUSD': 4844435.93}
1657238400,{'peggedUSD': 6559359.73},{'peggedUSD': 0},{'peggedUSD': 6553456.31},{'peggedUSD': 0},{'peggedUSD': 6553456.31}
1657324800,{'peggedUSD': 6656278.51},{'peggedUSD': 0},{'peggedUSD': 6656942.48},{'peggedUSD': 0},{'peggedUSD': 6656942.48}
1657411200,{'peggedUSD': 6772326.5},{'peggedUSD': 0},{'peggedUSD': 6769059.73},{'peggedUSD': 0},{'peggedUSD': 6769059.73}
1657497600,{'peggedUSD': 7027360.04},{'peggedUSD': 0},{'peggedUSD': 7027467.14},{'peggedUSD': 0},{'peggedUSD': 7027467.14}
1657584000,{'peggedUSD': 7577698.79},{'peggedUSD': 0},{'peggedUSD': 7577814.27},{'peggedUSD': 0},{'peggedUSD': 7577814.27}
1657670400,{'peggedUSD': 7576621.48},{'peggedUSD': 0},{'peggedUSD': 7576855.52},{'peggedUSD': 0},{'peggedUSD': 7576855.52}
1657756800,{'peggedUSD': 6075797.32},{'peggedUSD': 0},{'peggedUSD': 6071314.72},{'peggedUSD': 0},{'peggedUSD': 6071314.72}
1657843200,{'peggedUSD': 6075947.03},{'peggedUSD': 0},{'peggedUSD': 6073032.46},{'peggedUSD': 0},{'peggedUSD': 6073032.46}
1657929600,{'peggedUSD': 6075998.15},{'peggedUSD': 0},{'peggedUSD': 6073083.56},{'peggedUSD': 0},{'peggedUSD': 6073083.56}
1658016000,{'peggedUSD': 6129221.45},{'peggedUSD': 0},{'peggedUSD': 6129192.89},{'peggedUSD': 0},{'peggedUSD': 6129192.89}
1658102400,{'peggedUSD': 6656272.88},{'peggedUSD': 0},{'peggedUSD': 6654897.89},{'peggedUSD': 0},{'peggedUSD': 6654897.89}
1658188800,{'peggedUSD': 6645551.83},{'peggedUSD': 0},{'peggedUSD': 6644887.27},{'peggedUSD': 0},{'peggedUSD': 6644887.27}
1658275200,{'peggedUSD': 6915918.56},{'peggedUSD': 0},{'peggedUSD': 6915982.61},{'peggedUSD': 0},{'peggedUSD': 6915982.61}
1658361600,{'peggedUSD': 6915978.65},{'peggedUSD': 0},{'peggedUSD': 6916388.7},{'peggedUSD': 0},{'peggedUSD': 6916388.7}
1658448000,{'peggedUSD': 7045907.71},{'peggedUSD': 0},{'peggedUSD': 7046188.14},{'peggedUSD': 0},{'peggedUSD': 7046188.14}
1658534400,{'peggedUSD': 7045907.71},{'peggedUSD': 0},{'peggedUSD': 7046833.26},{'peggedUSD': 0},{'peggedUSD': 7046833.26}
1658620800,{'peggedUSD': 6702508.13},{'peggedUSD': 0},{'peggedUSD': 6703331.8},{'peggedUSD': 0},{'peggedUSD': 6703331.8}
1658707200,{'peggedUSD': 6696574.46},{'peggedUSD': 0},{'peggedUSD': 6697262.13},{'peggedUSD': 0},{'peggedUSD': 6697262.13}
1658793600,{'peggedUSD': 6696574.46},{'peggedUSD': 0},{'peggedUSD': 6696855.52},{'peggedUSD': 0},{'peggedUSD': 6696855.52}
1658880000,{'peggedUSD': 6657981.37},{'peggedUSD': 0},{'peggedUSD': 6660150.21},{'peggedUSD': 0},{'peggedUSD': 6660150.21}
1658966400,{'peggedUSD': 6486863.76},{'peggedUSD': 0},{'peggedUSD': 6487482.41},{'peggedUSD': 0},{'peggedUSD': 6487482.41}
1659052800,{'peggedUSD': 6331975.67},{'peggedUSD': 0},{'peggedUSD': 6333426.32},{'peggedUSD': 0},{'peggedUSD': 6333426.32}
1659139200,{'peggedUSD': 6328849.38},{'peggedUSD': 0},{'peggedUSD': 6330487.6},{'peggedUSD': 0},{'peggedUSD': 6330487.6}
1659225600,{'peggedUSD': 6327794.58},{'peggedUSD': 0},{'peggedUSD': 6329718.04},{'peggedUSD': 0},{'peggedUSD': 6329718.04}
1659312000,{'peggedUSD': 6326065.52},{'peggedUSD': 0},{'peggedUSD': 6328030.27},{'peggedUSD': 0},{'peggedUSD': 6328030.27}
1659398400,{'peggedUSD': 6225039.49},{'peggedUSD': 0},{'peggedUSD': 6226765.94},{'peggedUSD': 0},{'peggedUSD': 6226765.94}
1659484800,{'peggedUSD': 6145053.42},{'peggedUSD': 0},{'peggedUSD': 6147395.05},{'peggedUSD': 0},{'peggedUSD': 6147395.05}
1659571200,{'peggedUSD': 6143790.19},{'peggedUSD': 0},{'peggedUSD': 6144841.39},{'peggedUSD': 0},{'peggedUSD': 6144841.39}
1659657600,{'peggedUSD': 5638160.96},{'peggedUSD': 0},{'peggedUSD': 5640462.11},{'peggedUSD': 0},{'peggedUSD': 5640462.11}
1659744000,{'peggedUSD': 4931493.16},{'peggedUSD': 0},{'peggedUSD': 4932999.59},{'peggedUSD': 0},{'peggedUSD': 4932999.59}
1659830400,{'peggedUSD': 4931493.16},{'peggedUSD': 0},{'peggedUSD': 4932999.59},{'peggedUSD': 0},{'peggedUSD': 4932999.59}
1659916800,{'peggedUSD': 4826595.97},{'peggedUSD': 0},{'peggedUSD': 4827217.1},{'peggedUSD': 0},{'peggedUSD': 4827217.1}
1660003200,{'peggedUSD': 4760102.71},{'peggedUSD': 0},{'peggedUSD': 4760661.59},{'peggedUSD': 0},{'peggedUSD': 4760661.59}
1660089600,{'peggedUSD': 4630002.44},{'peggedUSD': 0},{'peggedUSD': 4630863.12},{'peggedUSD': 0},{'peggedUSD': 4630863.12}
1660176000,{'peggedUSD': 4654984.29},{'peggedUSD': 0},{'peggedUSD': 4656217.95},{'peggedUSD': 0},{'peggedUSD': 4656217.95}
1660262400,{'peggedUSD': 4641663.24},{'peggedUSD': 0},{'peggedUSD': 4643493.17},{'peggedUSD': 0},{'peggedUSD': 4643493.17}
1660348800,{'peggedUSD': 4640459.85},{'peggedUSD': 0},{'peggedUSD': 4642807.64},{'peggedUSD': 0},{'peggedUSD': 4642807.64}
1660435200,{'peggedUSD': 4233209.39},{'peggedUSD': 0},{'peggedUSD': 4234890.82},{'peggedUSD': 0},{'peggedUSD': 4234890.82}
1660521600,{'peggedUSD': 4186072.65},{'peggedUSD': 0},{'peggedUSD': 4187310.06},{'peggedUSD': 0},{'peggedUSD': 4187310.06}
1660608000,{'peggedUSD': 4185577.51},{'peggedUSD': 0},{'peggedUSD': 4186878.72},{'peggedUSD': 0},{'peggedUSD': 4186878.72}
1660694400,{'peggedUSD': 4185629.63},{'peggedUSD': 0},{'peggedUSD': 4186226.25},{'peggedUSD': 0},{'peggedUSD': 4186226.25}
1660780800,{'peggedUSD': 4176104.75},{'peggedUSD': 0},{'peggedUSD': 4176566.92},{'peggedUSD': 0},{'peggedUSD': 4176566.92}
1660867200,{'peggedUSD': 4163097.62},{'peggedUSD': 0},{'peggedUSD': 4163513.59},{'peggedUSD': 0},{'peggedUSD': 4163513.59}
1660953600,{'peggedUSD': 4033529.99},{'peggedUSD': 0},{'peggedUSD': 4033803.94},{'peggedUSD': 0},{'peggedUSD': 4033803.94}
1661040000,{'peggedUSD': 4033446.75},{'peggedUSD': 0},{'peggedUSD': 4034078.22},{'peggedUSD': 0},{'peggedUSD': 4034078.22}
1661126400,{'peggedUSD': 4020368.69},{'peggedUSD': 0},{'peggedUSD': 4020535.45},{'peggedUSD': 0},{'peggedUSD': 4020535.45}
1661212800,{'peggedUSD': 4020435.64},{'peggedUSD': 0},{'peggedUSD': 4020103.8},{'peggedUSD': 0},{'peggedUSD': 4020103.8}
1661299200,{'peggedUSD': 4020844.97},{'peggedUSD': 0},{'peggedUSD': 4020538.87},{'peggedUSD': 0},{'peggedUSD': 4020538.87}
1661385600,{'peggedUSD': 3898723.21},{'peggedUSD': 0},{'peggedUSD': 3899165.37},{'peggedUSD': 0},{'peggedUSD': 3899165.37}
1661472000,{'peggedUSD': 3899082},{'peggedUSD': 0},{'peggedUSD': 3899082},{'peggedUSD': 0},{'peggedUSD': 3899082}
1661558400,{'peggedUSD': 3900433.49},{'peggedUSD': 0},{'peggedUSD': 3900685.46},{'peggedUSD': 0},{'peggedUSD': 3900685.46}
1661644800,{'peggedUSD': 3989955.96},{'peggedUSD': 0},{'peggedUSD': 3990581.47},{'peggedUSD': 0},{'peggedUSD': 3990581.47}
1661731200,{'peggedUSD': 3989777.54},{'peggedUSD': 0},{'peggedUSD': 3989905.85},{'peggedUSD': 0},{'peggedUSD': 3989905.85}
1661817600,{'peggedUSD': 3992157.85},{'peggedUSD': 0},{'peggedUSD': 3992157.85},{'peggedUSD': 0},{'peggedUSD': 3992157.85}
1661904000,{'peggedUSD': 3433606.9},{'peggedUSD': 0},{'peggedUSD': 3433805.23},{'peggedUSD': 0},{'peggedUSD': 3433805.23}
1661990400,{'peggedUSD': 3433646.24},{'peggedUSD': 0},{'peggedUSD': 3433749.49},{'peggedUSD': 0},{'peggedUSD': 3433749.49}
1662076800,{'peggedUSD': 3960439.3},{'peggedUSD': 0},{'peggedUSD': 3960568.57},{'peggedUSD': 0},{'peggedUSD': 3960568.57}
1662163200,{'peggedUSD': 3959056.53},{'peggedUSD': 0},{'peggedUSD': 3959090.14},{'peggedUSD': 0},{'peggedUSD': 3959090.14}
1662249600,{'peggedUSD': 3843370.95},{'peggedUSD': 0},{'peggedUSD': 3843542.91},{'peggedUSD': 0},{'peggedUSD': 3843542.91}
1662336000,{'peggedUSD': 3843558.57},{'peggedUSD': 0},{'peggedUSD': 3843558.57},{'peggedUSD': 0},{'peggedUSD': 3843558.57}
1662422400,{'peggedUSD': 3843523.89},{'peggedUSD': 0},{'peggedUSD': 3843372.8},{'peggedUSD': 0},{'peggedUSD': 3843372.8}
1662508800,{'peggedUSD': 3574590.19},{'peggedUSD': 0},{'peggedUSD': 3574708.08},{'peggedUSD': 0},{'peggedUSD': 3574708.08}
1662595200,{'peggedUSD': 3563596.19},{'peggedUSD': 0},{'peggedUSD': 3563720.06},{'peggedUSD': 0},{'peggedUSD': 3563720.06}
1662681600,{'peggedUSD': 3523925.73},{'peggedUSD': 0},{'peggedUSD': 3524176.6},{'peggedUSD': 0},{'peggedUSD': 3524176.6}
1662768000,{'peggedUSD': 3522340.72},{'peggedUSD': 0},{'peggedUSD': 3522927.9},{'peggedUSD': 0},{'peggedUSD': 3522927.9}
1662854400,{'peggedUSD': 3502956.16},{'peggedUSD': 0},{'peggedUSD': 3504276.25},{'peggedUSD': 0},{'peggedUSD': 3504276.25}
1662940800,{'peggedUSD': 3500077.21},{'peggedUSD': 0},{'peggedUSD': 3501077.6},{'peggedUSD': 0},{'peggedUSD': 3501077.6}
1663027200,{'peggedUSD': 3500077.21},{'peggedUSD': 0},{'peggedUSD': 3500291.76},{'peggedUSD': 0},{'peggedUSD': 3500291.76}
1663113600,{'peggedUSD': 3502995.53},{'peggedUSD': 0},{'peggedUSD': 3503836.21},{'peggedUSD': 0},{'peggedUSD': 3503836.21}
1663200000,{'peggedUSD': 3503758.11},{'peggedUSD': 0},{'peggedUSD': 3503890.28},{'peggedUSD': 0},{'peggedUSD': 3503890.28}
1663286400,{'peggedUSD': 3406824.43},{'peggedUSD': 0},{'peggedUSD': 3406980.09},{'peggedUSD': 0},{'peggedUSD': 3406980.09}
1663372800,{'peggedUSD': 3407970.84},{'peggedUSD': 0},{'peggedUSD': 3408115.85},{'peggedUSD': 0},{'peggedUSD': 3408115.85}
1663459200,{'peggedUSD': 3407959.03},{'peggedUSD': 0},{'peggedUSD': 3407963.05},{'peggedUSD': 0},{'peggedUSD': 3407963.05}
1663545600,{'peggedUSD': 3408197.39},{'peggedUSD': 0},{'peggedUSD': 3408342.41},{'peggedUSD': 0},{'peggedUSD': 3408342.41}
1663632000,{'peggedUSD': 3408246.59},{'peggedUSD': 0},{'peggedUSD': 3408542.22},{'peggedUSD': 0},{'peggedUSD': 3408542.22}
1663718400,{'peggedUSD': 3054062.99},{'peggedUSD': 0},{'peggedUSD': 3054372.09},{'peggedUSD': 0},{'peggedUSD': 3054372.09}
1663804800,{'peggedUSD': 3279444.06},{'peggedUSD': 0},{'peggedUSD': 3279866.22},{'peggedUSD': 0},{'peggedUSD': 3279866.22}
1663891200,{'peggedUSD': 3279970.26},{'peggedUSD': 0},{'peggedUSD': 3279975.01},{'peggedUSD': 0},{'peggedUSD': 3279975.01}
1663977600,{'peggedUSD': 3277837.09},{'peggedUSD': 0},{'peggedUSD': 3277814.77},{'peggedUSD': 0},{'peggedUSD': 3277814.77}
1664064000,{'peggedUSD': 3265571.52},{'peggedUSD': 0},{'peggedUSD': 3265595.94},{'peggedUSD': 0},{'peggedUSD': 3265595.94}
1664150400,{'peggedUSD': 3248570.2},{'peggedUSD': 0},{'peggedUSD': 3248702.84},{'peggedUSD': 0},{'peggedUSD': 3248702.84}
1664236800,{'peggedUSD': 3248570.2},{'peggedUSD': 0},{'peggedUSD': 3248570.2},{'peggedUSD': 0},{'peggedUSD': 3248570.2}
1664323200,{'peggedUSD': 3247471.11},{'peggedUSD': 0},{'peggedUSD': 3247423.79},{'peggedUSD': 0},{'peggedUSD': 3247423.79}
1664409600,{'peggedUSD': 3247570.47},{'peggedUSD': 0},{'peggedUSD': 3247394.71},{'peggedUSD': 0},{'peggedUSD': 3247394.71}
1664496000,{'peggedUSD': 3247569.16},{'peggedUSD': 0},{'peggedUSD': 3247712.51},{'peggedUSD': 0},{'peggedUSD': 3247712.51}
1664582400,{'peggedUSD': 3247569.16},{'peggedUSD': 0},{'peggedUSD': 3247758.95},{'peggedUSD': 0},{'peggedUSD': 3247758.95}
1664668800,{'peggedUSD': 3247546.38},{'peggedUSD': 0},{'peggedUSD': 3247766.72},{'peggedUSD': 0},{'peggedUSD': 3247766.72}
1664755200,{'peggedUSD': 3247720.41},{'peggedUSD': 0},{'peggedUSD': 3247720.41},{'peggedUSD': 0},{'peggedUSD': 3247720.41}
1664841600,{'peggedUSD': 3275005.56},{'peggedUSD': 0},{'peggedUSD': 3275148.98},{'peggedUSD': 0},{'peggedUSD': 3275148.98}
1664928000,{'peggedUSD': 3275005.56},{'peggedUSD': 0},{'peggedUSD': 3275818.95},{'peggedUSD': 0},{'peggedUSD': 3275818.95}
1665014400,{'peggedUSD': 3274862.95},{'peggedUSD': 0},{'peggedUSD': 3275380.05},{'peggedUSD': 0},{'peggedUSD': 3275380.05}
1665100800,{'peggedUSD': 3436036.02},{'peggedUSD': 0},{'peggedUSD': 3436469.44},{'peggedUSD': 0},{'peggedUSD': 3436469.44}
1665187200,{'peggedUSD': 3436036.02},{'peggedUSD': 0},{'peggedUSD': 3436036.02},{'peggedUSD': 0},{'peggedUSD': 3436036.02}
1665273600,{'peggedUSD': 3436036.02},{'peggedUSD': 0},{'peggedUSD': 3436536.24},{'peggedUSD': 0},{'peggedUSD': 3436536.24}
1665360000,{'peggedUSD': 3436036.02},{'peggedUSD': 0},{'peggedUSD': 3436452.78},{'peggedUSD': 0},{'peggedUSD': 3436452.78}
1665446400,{'peggedUSD': 3434564.14},{'peggedUSD': 0},{'peggedUSD': 3434725.18},{'peggedUSD': 0},{'peggedUSD': 3434725.18}
1665532800,{'peggedUSD': 3434564.14},{'peggedUSD': 0},{'peggedUSD': 3434495.58},{'peggedUSD': 0},{'peggedUSD': 3434495.58}
1665619200,{'peggedUSD': 3434564.14},{'peggedUSD': 0},{'peggedUSD': 3434512.52},{'peggedUSD': 0},{'peggedUSD': 3434512.52}
1665705600,{'peggedUSD': 3434663.5},{'peggedUSD': 0},{'peggedUSD': 3434526.66},{'peggedUSD': 0},{'peggedUSD': 3434526.66}
1665792000,{'peggedUSD': 3414420.38},{'peggedUSD': 0},{'peggedUSD': 3414420.38},{'peggedUSD': 0},{'peggedUSD': 3414420.38}
1665878400,{'peggedUSD': 3414420.38},{'peggedUSD': 0},{'peggedUSD': 3414678.68},{'peggedUSD': 0},{'peggedUSD': 3414678.68}
1665964800,{'peggedUSD': 3413433.38},{'peggedUSD': 0},{'peggedUSD': 3413665.46},{'peggedUSD': 0},{'peggedUSD': 3413665.46}
1666051200,{'peggedUSD': 3413366.08},{'peggedUSD': 0},{'peggedUSD': 3413366.08},{'peggedUSD': 0},{'peggedUSD': 3413366.08}
1666137600,{'peggedUSD': 3416599.29},{'peggedUSD': 0},{'peggedUSD': 3416790.76},{'peggedUSD': 0},{'peggedUSD': 3416790.76}
1666224000,{'peggedUSD': 3424261.15},{'peggedUSD': 0},{'peggedUSD': 3424554.82},{'peggedUSD': 0},{'peggedUSD': 3424554.82}
1666310400,{'peggedUSD': 2657752.32},{'peggedUSD': 0},{'peggedUSD': 2657752.32},{'peggedUSD': 0},{'peggedUSD': 2657752.32}
1666396800,{'peggedUSD': 2677906.77},{'peggedUSD': 0},{'peggedUSD': 2677906.77},{'peggedUSD': 0},{'peggedUSD': 2677906.77}
1666483200,{'peggedUSD': 2677906.77},{'peggedUSD': 0},{'peggedUSD': 2678063.37},{'peggedUSD': 0},{'peggedUSD': 2678063.37}
1666569600,{'peggedUSD': 2678148.33},{'peggedUSD': 0},{'peggedUSD': 2678162.31},{'peggedUSD': 0},{'peggedUSD': 2678162.31}
1666656000,{'peggedUSD': 2678781.33},{'peggedUSD': 0},{'peggedUSD': 2679188.21},{'peggedUSD': 0},{'peggedUSD': 2679188.21}
1666742400,{'peggedUSD': 2695520.67},{'peggedUSD': 0},{'peggedUSD': 2695626.93},{'peggedUSD': 0},{'peggedUSD': 2695626.93}
1666828800,{'peggedUSD': 2701520.9},{'peggedUSD': 0},{'peggedUSD': 2701964.31},{'peggedUSD': 0},{'peggedUSD': 2701964.31}
1666915200,{'peggedUSD': 2566157.23},{'peggedUSD': 0},{'peggedUSD': 2566546.08},{'peggedUSD': 0},{'peggedUSD': 2566546.08}
1667001600,{'peggedUSD': 2566157.23},{'peggedUSD': 0},{'peggedUSD': 2566360.06},{'peggedUSD': 0},{'peggedUSD': 2566360.06}
1667088000,{'peggedUSD': 2565158.4},{'peggedUSD': 0},{'peggedUSD': 2565823.52},{'peggedUSD': 0},{'peggedUSD': 2565823.52}
1667174400,{'peggedUSD': 2420629.35},{'peggedUSD': 0},{'peggedUSD': 2421073.63},{'peggedUSD': 0},{'peggedUSD': 2421073.63}
1667260800,{'peggedUSD': 2425612.47},{'peggedUSD': 0},{'peggedUSD': 2425612.47},{'peggedUSD': 0},{'peggedUSD': 2425612.47}
1667347200,{'peggedUSD': 2425611.01},{'peggedUSD': 0},{'peggedUSD': 2425222.91},{'peggedUSD': 0},{'peggedUSD': 2425222.91}
1667433600,{'peggedUSD': 2426259.67},{'peggedUSD': 0},{'peggedUSD': 2426102.49},{'peggedUSD': 0},{'peggedUSD': 2426102.49}
1667520000,{'peggedUSD': 2420936.72},{'peggedUSD': 0},{'peggedUSD': 2421171.46},{'peggedUSD': 0},{'peggedUSD': 2421171.46}
1667606400,{'peggedUSD': 2423175.38},{'peggedUSD': 0},{'peggedUSD': 2423136.24},{'peggedUSD': 0},{'peggedUSD': 2423136.24}
1667692800,{'peggedUSD': 2423040.63},{'peggedUSD': 0},{'peggedUSD': 2423592.84},{'peggedUSD': 0},{'peggedUSD': 2423592.84}
1667779200,{'peggedUSD': 2428801.82},{'peggedUSD': 0},{'peggedUSD': 2428801.82},{'peggedUSD': 0},{'peggedUSD': 2428801.82}
1667865600,{'peggedUSD': 2428517.42},{'peggedUSD': 0},{'peggedUSD': 2428638.84},{'peggedUSD': 0},{'peggedUSD': 2428638.84}
1667952000,{'peggedUSD': 2429737.06},{'peggedUSD': 0},{'peggedUSD': 2430603.84},{'peggedUSD': 0},{'peggedUSD': 2430603.84}
1668038400,{'peggedUSD': 2431383.99},{'peggedUSD': 0},{'peggedUSD': 2429493.13},{'peggedUSD': 0},{'peggedUSD': 2429493.13}
1668124800,{'peggedUSD': 2431383.99},{'peggedUSD': 0},{'peggedUSD': 2427493.78},{'peggedUSD': 0},{'peggedUSD': 2427493.78}
1668211200,{'peggedUSD': 2431704.32},{'peggedUSD': 0},{'peggedUSD': 2426719.33},{'peggedUSD': 0},{'peggedUSD': 2426719.33}
1668297600,{'peggedUSD': 2424311.4},{'peggedUSD': 0},{'peggedUSD': 2420190.08},{'peggedUSD': 0},{'peggedUSD': 2420190.08}
1668384000,{'peggedUSD': 2424311.4},{'peggedUSD': 0},{'peggedUSD': 2421361.43},{'peggedUSD': 0},{'peggedUSD': 2421361.43}
1668470400,{'peggedUSD': 2422003.07},{'peggedUSD': 0},{'peggedUSD': 2418612.27},{'peggedUSD': 0},{'peggedUSD': 2418612.27}
1668556800,{'peggedUSD': 2422003.07},{'peggedUSD': 0},{'peggedUSD': 2419581.07},{'peggedUSD': 0},{'peggedUSD': 2419581.07}
1668643200,{'peggedUSD': 2394173.02},{'peggedUSD': 0},{'peggedUSD': 2392018.26},{'peggedUSD': 0},{'peggedUSD': 2392018.26}
1668729600,{'peggedUSD': 2394173.02},{'peggedUSD': 0},{'peggedUSD': 2392497.1},{'peggedUSD': 0},{'peggedUSD': 2392497.1}
1668816000,{'peggedUSD': 2394173.02},{'peggedUSD': 0},{'peggedUSD': 2391778.85},{'peggedUSD': 0},{'peggedUSD': 2391778.85}
1668902400,{'peggedUSD': 2394173.02},{'peggedUSD': 0},{'peggedUSD': 2392856.22},{'peggedUSD': 0},{'peggedUSD': 2392856.22}
1668988800,{'peggedUSD': 2394151.32},{'peggedUSD': 0},{'peggedUSD': 2391278.34},{'peggedUSD': 0},{'peggedUSD': 2391278.34}
1669075200,{'peggedUSD': 2396649.59},{'peggedUSD': 0},{'peggedUSD': 2394252.94},{'peggedUSD': 0},{'peggedUSD': 2394252.94}
1669161600,{'peggedUSD': 2446646.02},{'peggedUSD': 0},{'peggedUSD': 2445112.1},{'peggedUSD': 0},{'peggedUSD': 2445112.1}
1669248000,{'peggedUSD': 2506962.86},{'peggedUSD': 0},{'peggedUSD': 2503954.51},{'peggedUSD': 0},{'peggedUSD': 2503954.51}
1669334400,{'peggedUSD': 2506962.86},{'peggedUSD': 0},{'peggedUSD': 2505020.62},{'peggedUSD': 0},{'peggedUSD': 2505020.62}
1669420800,{'peggedUSD': 2506962.86},{'peggedUSD': 0},{'peggedUSD': 2506300.67},{'peggedUSD': 0},{'peggedUSD': 2506300.67}
1669507200,{'peggedUSD': 2506962.86},{'peggedUSD': 0},{'peggedUSD': 2505747.56},{'peggedUSD': 0},{'peggedUSD': 2505747.56}
1669593600,{'peggedUSD': 2506962.86},{'peggedUSD': 0},{'peggedUSD': 2505584.03},{'peggedUSD': 0},{'peggedUSD': 2505584.03}
1669680000,{'peggedUSD': 2506962.86},{'peggedUSD': 0},{'peggedUSD': 2505960.08},{'peggedUSD': 0},{'peggedUSD': 2505960.08}
1669766400,{'peggedUSD': 2507584.09},{'peggedUSD': 0},{'peggedUSD': 2506581.06},{'peggedUSD': 0},{'peggedUSD': 2506581.06}
1669852800,{'peggedUSD': 2508582.73},{'peggedUSD': 0},{'peggedUSD': 2508582.73},{'peggedUSD': 0},{'peggedUSD': 2508582.73}
1669939200,{'peggedUSD': 2508931.39},{'peggedUSD': 0},{'peggedUSD': 2509182.28},{'peggedUSD': 0},{'peggedUSD': 2509182.28}
1670025600,{'peggedUSD': 2509010.51},{'peggedUSD': 0},{'peggedUSD': 2509336.68},{'peggedUSD': 0},{'peggedUSD': 2509336.68}
1670112000,{'peggedUSD': 2519669.88},{'peggedUSD': 0},{'peggedUSD': 2520022.64},{'peggedUSD': 0},{'peggedUSD': 2520022.64}
1670198400,{'peggedUSD': 2519669.88},{'peggedUSD': 0},{'peggedUSD': 2519896.66},{'peggedUSD': 0},{'peggedUSD': 2519896.66}
1670284800,{'peggedUSD': 2519669.88},{'peggedUSD': 0},{'peggedUSD': 2519871.46},{'peggedUSD': 0},{'peggedUSD': 2519871.46}
1670371200,{'peggedUSD': 2519520.07},{'peggedUSD': 0},{'peggedUSD': 2519520.07},{'peggedUSD': 0},{'peggedUSD': 2519520.07}
1670457600,{'peggedUSD': 2516055.46},{'peggedUSD': 0},{'peggedUSD': 2515954.82},{'peggedUSD': 0},{'peggedUSD': 2515954.82}
1670544000,{'peggedUSD': 2516055.46},{'peggedUSD': 0},{'peggedUSD': 2516055.46},{'peggedUSD': 0},{'peggedUSD': 2516055.46}
1670630400,{'peggedUSD': 2146681.4},{'peggedUSD': 0},{'peggedUSD': 2146681.4},{'peggedUSD': 0},{'peggedUSD': 2146681.4}
1670716800,{'peggedUSD': 2146681.4},{'peggedUSD': 0},{'peggedUSD': 2146681.4},{'peggedUSD': 0},{'peggedUSD': 2146681.4}
1670803200,{'peggedUSD': 2134681.4},{'peggedUSD': 0},{'peggedUSD': 2134681.4},{'peggedUSD': 0},{'peggedUSD': 2134681.4}
1670889600,{'peggedUSD': 2156362.37},{'peggedUSD': 0},{'peggedUSD': 2156793.64},{'peggedUSD': 0},{'peggedUSD': 2156793.64}
1670976000,{'peggedUSD': 2157755.06},{'peggedUSD': 0},{'peggedUSD': 2157755.06},{'peggedUSD': 0},{'peggedUSD': 2157755.06}
1671062400,{'peggedUSD': 2156846.86},{'peggedUSD': 0},{'peggedUSD': 2157006.4},{'peggedUSD': 0},{'peggedUSD': 2157006.4}
1671148800,{'peggedUSD': 2156846.86},{'peggedUSD': 0},{'peggedUSD': 2156846.86},{'peggedUSD': 0},{'peggedUSD': 2156846.86}
1671235200,{'peggedUSD': 2155461},{'peggedUSD': 0},{'peggedUSD': 2155593.56},{'peggedUSD': 0},{'peggedUSD': 2155593.56}
1671321600,{'peggedUSD': 2056912.33},{'peggedUSD': 0},{'peggedUSD': 2057323.72},{'peggedUSD': 0},{'peggedUSD': 2057323.72}
1671408000,{'peggedUSD': 2014982.33},{'peggedUSD': 0},{'peggedUSD': 2015224.13},{'peggedUSD': 0},{'peggedUSD': 2015224.13}
1671494400,{'peggedUSD': 1916982.33},{'peggedUSD': 0},{'peggedUSD': 1917059.01},{'peggedUSD': 0},{'peggedUSD': 1917059.01}
1671580800,{'peggedUSD': 1916982.33},{'peggedUSD': 0},{'peggedUSD': 1916982.33},{'peggedUSD': 0},{'peggedUSD': 1916982.33}
1671667200,{'peggedUSD': 1917168.19},{'peggedUSD': 0},{'peggedUSD': 1917168.19},{'peggedUSD': 0},{'peggedUSD': 1917168.19}
1671753600,{'peggedUSD': 1917007.26},{'peggedUSD': 0},{'peggedUSD': 1916913},{'peggedUSD': 0},{'peggedUSD': 1916913}
1671840000,{'peggedUSD': 1917007.26},{'peggedUSD': 0},{'peggedUSD': 1917007.26},{'peggedUSD': 0},{'peggedUSD': 1917007.26}
1671926400,{'peggedUSD': 1916615.56},{'peggedUSD': 0},{'peggedUSD': 1916615.56},{'peggedUSD': 0},{'peggedUSD': 1916615.56}
1672012800,{'peggedUSD': 1917487.17},{'peggedUSD': 0},{'peggedUSD': 1917487.17},{'peggedUSD': 0},{'peggedUSD': 1917487.17}
1672099200,{'peggedUSD': 1917515.68},{'peggedUSD': 0},{'peggedUSD': 1917528.68},{'peggedUSD': 0},{'peggedUSD': 1917528.68}
1672185600,{'peggedUSD': 1918077.37},{'peggedUSD': 0},{'peggedUSD': 1917501.95},{'peggedUSD': 0},{'peggedUSD': 1917501.95}
1672272000,{'peggedUSD': 1918470.49},{'peggedUSD': 0},{'peggedUSD': 1917703.11},{'peggedUSD': 0},{'peggedUSD': 1917703.11}
1672358400,{'peggedUSD': 1918470.49},{'peggedUSD': 0},{'peggedUSD': 1917741.48},{'peggedUSD': 0},{'peggedUSD': 1917741.48}
1672444800,{'peggedUSD': 1876962.19},{'peggedUSD': 0},{'peggedUSD': 1876023.8},{'peggedUSD': 0},{'peggedUSD': 1876023.8}
1672531200,{'peggedUSD': 1880027.92},{'peggedUSD': 0},{'peggedUSD': 1879484.25},{'peggedUSD': 0},{'peggedUSD': 1879484.25}
1672617600,{'peggedUSD': 1880844.55},{'peggedUSD': 0},{'peggedUSD': 1880092.21},{'peggedUSD': 0},{'peggedUSD': 1880092.21}
1672704000,{'peggedUSD': 1882151.56},{'peggedUSD': 0},{'peggedUSD': 1881492.81},{'peggedUSD': 0},{'peggedUSD': 1881492.81}
1672790400,{'peggedUSD': 1882257.39},{'peggedUSD': 0},{'peggedUSD': 1881589.17},{'peggedUSD': 0},{'peggedUSD': 1881589.17}
1672876800,{'peggedUSD': 1881621.23},{'peggedUSD': 0},{'peggedUSD': 1881056.75},{'peggedUSD': 0},{'peggedUSD': 1881056.75}
1672963200,{'peggedUSD': 1881666.22},{'peggedUSD': 0},{'peggedUSD': 1880913.55},{'peggedUSD': 0},{'peggedUSD': 1880913.55}
1673049600,{'peggedUSD': 1883319.25},{'peggedUSD': 0},{'peggedUSD': 1882707.17},{'peggedUSD': 0},{'peggedUSD': 1882707.17}
1673136000,{'peggedUSD': 1879438.85},{'peggedUSD': 0},{'peggedUSD': 1878950.6},{'peggedUSD': 0},{'peggedUSD': 1878950.6}
1673222400,{'peggedUSD': 1879438.85},{'peggedUSD': 0},{'peggedUSD': 1879728.42},{'peggedUSD': 0},{'peggedUSD': 1879728.42}
1673308800,{'peggedUSD': 1878981.13},{'peggedUSD': 0},{'peggedUSD': 1878981.13},{'peggedUSD': 0},{'peggedUSD': 1878981.13}
1673395200,{'peggedUSD': 1930905.5},{'peggedUSD': 0},{'peggedUSD': 1930857.85},{'peggedUSD': 0},{'peggedUSD': 1930857.85}
1673481600,{'peggedUSD': 1930748.63},{'peggedUSD': 0},{'peggedUSD': 1930767.94},{'peggedUSD': 0},{'peggedUSD': 1930767.94}
1673568000,{'peggedUSD': 1930497.61},{'peggedUSD': 0},{'peggedUSD': 1930644.95},{'peggedUSD': 0},{'peggedUSD': 1930644.95}
1673654400,{'peggedUSD': 1940440.15},{'peggedUSD': 0},{'peggedUSD': 1940603.54},{'peggedUSD': 0},{'peggedUSD': 1940603.54}
1673740800,{'peggedUSD': 1940440.15},{'peggedUSD': 0},{'peggedUSD': 1940634.2},{'peggedUSD': 0},{'peggedUSD': 1940634.2}
1673827200,{'peggedUSD': 1940190.15},{'peggedUSD': 0},{'peggedUSD': 1940950.32},{'peggedUSD': 0},{'peggedUSD': 1940950.32}
1673913600,{'peggedUSD': 1940137.42},{'peggedUSD': 0},{'peggedUSD': 1940383.7},{'peggedUSD': 0},{'peggedUSD': 1940383.7}
1674000000,{'peggedUSD': 1939610.79},{'peggedUSD': 0},{'peggedUSD': 1940058.55},{'peggedUSD': 0},{'peggedUSD': 1940058.55}
1674086400,{'peggedUSD': 1924796.52},{'peggedUSD': 0},{'peggedUSD': 1924796.52},{'peggedUSD': 0},{'peggedUSD': 1924796.52}
1674172800,{'peggedUSD': 1925017.96},{'peggedUSD': 0},{'peggedUSD': 1924998.71},{'peggedUSD': 0},{'peggedUSD': 1924998.71}
1674259200,{'peggedUSD': 1925779.82},{'peggedUSD': 0},{'peggedUSD': 1925972.4},{'peggedUSD': 0},{'peggedUSD': 1925972.4}
1674345600,{'peggedUSD': 1866065.21},{'peggedUSD': 0},{'peggedUSD': 1866438.42},{'peggedUSD': 0},{'peggedUSD': 1866438.42}
1674432000,{'peggedUSD': 1856112.15},{'peggedUSD': 0},{'peggedUSD': 1856910.28},{'peggedUSD': 0},{'peggedUSD': 1856910.28}
1674518400,{'peggedUSD': 1856112.15},{'peggedUSD': 0},{'peggedUSD': 1856112.97},{'peggedUSD': 0},{'peggedUSD': 1856112.97}
1674604800,{'peggedUSD': 1859545.45},{'peggedUSD': 0},{'peggedUSD': 1859914.48},{'peggedUSD': 0},{'peggedUSD': 1859914.48}
1674691200,{'peggedUSD': 1859387.39},{'peggedUSD': 0},{'peggedUSD': 1859573.33},{'peggedUSD': 0},{'peggedUSD': 1859573.33}
1674777600,{'peggedUSD': 1859354.57},{'peggedUSD': 0},{'peggedUSD': 1859827.05},{'peggedUSD': 0},{'peggedUSD': 1859827.05}
1674864000,{'peggedUSD': 1874535.7},{'peggedUSD': 0},{'peggedUSD': 1875098.06},{'peggedUSD': 0},{'peggedUSD': 1875098.06}
1674950400,{'peggedUSD': 1897565.66},{'peggedUSD': 0},{'peggedUSD': 1898324.57},{'peggedUSD': 0},{'peggedUSD': 1898324.57}
1675036800,{'peggedUSD': 1890393.9},{'peggedUSD': 0},{'peggedUSD': 1890666.42},{'peggedUSD': 0},{'peggedUSD': 1890666.42}
1675123200,{'peggedUSD': 1901045.75},{'peggedUSD': 0},{'peggedUSD': 1901103.49},{'peggedUSD': 0},{'peggedUSD': 1901103.49}
1675209600,{'peggedUSD': 1899559.34},{'peggedUSD': 0},{'peggedUSD': 1899929.24},{'peggedUSD': 0},{'peggedUSD': 1899929.24}
1675296000,{'peggedUSD': 1899121.31},{'peggedUSD': 0},{'peggedUSD': 1899343.58},{'peggedUSD': 0},{'peggedUSD': 1899343.58}
1675382400,{'peggedUSD': 1898999.98},{'peggedUSD': 0},{'peggedUSD': 1899417.76},{'peggedUSD': 0},{'peggedUSD': 1899417.76}
1675468800,{'peggedUSD': 1898999.98},{'peggedUSD': 0},{'peggedUSD': 1899189.88},{'peggedUSD': 0},{'peggedUSD': 1899189.88}
1675555200,{'peggedUSD': 1899199.07},{'peggedUSD': 0},{'peggedUSD': 1899597.91},{'peggedUSD': 0},{'peggedUSD': 1899597.91}
1675641600,{'peggedUSD': 1899199.07},{'peggedUSD': 0},{'peggedUSD': 1899637.71},{'peggedUSD': 0},{'peggedUSD': 1899637.71}
1675728000,{'peggedUSD': 1900081.6},{'peggedUSD': 0},{'peggedUSD': 1900264.39},{'peggedUSD': 0},{'peggedUSD': 1900264.39}
1675814400,{'peggedUSD': 1806204.74},{'peggedUSD': 0},{'peggedUSD': 1806458.82},{'peggedUSD': 0},{'peggedUSD': 1806458.82}
1675900800,{'peggedUSD': 2007812.46},{'peggedUSD': 0},{'peggedUSD': 2007912.73},{'peggedUSD': 0},{'peggedUSD': 2007912.73}
1675987200,{'peggedUSD': 3186752.53},{'peggedUSD': 0},{'peggedUSD': 3187262.41},{'peggedUSD': 0},{'peggedUSD': 3187262.41}
1676073600,{'peggedUSD': 2811505.42},{'peggedUSD': 0},{'peggedUSD': 2811786.57},{'peggedUSD': 0},{'peggedUSD': 2811786.57}
1676160000,{'peggedUSD': 2284185.97},{'peggedUSD': 0},{'peggedUSD': 2284483.17},{'peggedUSD': 0},{'peggedUSD': 2284483.17}
1676246400,{'peggedUSD': 2284185.97},{'peggedUSD': 0},{'peggedUSD': 2284460.07},{'peggedUSD': 0},{'peggedUSD': 2284460.07}
1676332800,{'peggedUSD': 2104161.79},{'peggedUSD': 0},{'peggedUSD': 2105236.68},{'peggedUSD': 0},{'peggedUSD': 2105236.68}
1676419200,{'peggedUSD': 1913955.93},{'peggedUSD': 0},{'peggedUSD': 1914721.51},{'peggedUSD': 0},{'peggedUSD': 1914721.51}
1676505600,{'peggedUSD': 1948235.89},{'peggedUSD': 0},{'peggedUSD': 1948690.08},{'peggedUSD': 0},{'peggedUSD': 1948690.08}
1676592000,{'peggedUSD': 2016287.65},{'peggedUSD': 0},{'peggedUSD': 2016469.11},{'peggedUSD': 0},{'peggedUSD': 2016469.11}
1676678400,{'peggedUSD': 2015505.86},{'peggedUSD': 0},{'peggedUSD': 2015505.86},{'peggedUSD': 0},{'peggedUSD': 2015505.86}
1676764800,{'peggedUSD': 1982587.26},{'peggedUSD': 0},{'peggedUSD': 1983151.92},{'peggedUSD': 0},{'peggedUSD': 1983151.92}
1676851200,{'peggedUSD': 1982587.26},{'peggedUSD': 0},{'peggedUSD': 1983150.85},{'peggedUSD': 0},{'peggedUSD': 1983150.85}
1676937600,{'peggedUSD': 1981782.67},{'peggedUSD': 0},{'peggedUSD': 1981911.09},{'peggedUSD': 0},{'peggedUSD': 1981911.09}
1677024000,{'peggedUSD': 1968426.05},{'peggedUSD': 0},{'peggedUSD': 1968668.99},{'peggedUSD': 0},{'peggedUSD': 1968668.99}
1677110400,{'peggedUSD': 1852870.62},{'peggedUSD': 0},{'peggedUSD': 1853082.73},{'peggedUSD': 0},{'peggedUSD': 1853082.73}
1677196800,{'peggedUSD': 1852869.05},{'peggedUSD': 0},{'peggedUSD': 1853081.24},{'peggedUSD': 0},{'peggedUSD': 1853081.24}
1677283200,{'peggedUSD': 1670392.24},{'peggedUSD': 0},{'peggedUSD': 1670417.3},{'peggedUSD': 0},{'peggedUSD': 1670417.3}
1677369600,{'peggedUSD': 1640486.91},{'peggedUSD': 0},{'peggedUSD': 1640645.2},{'peggedUSD': 0},{'peggedUSD': 1640645.2}
1677456000,{'peggedUSD': 1661229.38},{'peggedUSD': 0},{'peggedUSD': 1661229.38},{'peggedUSD': 0},{'peggedUSD': 1661229.38}
1677542400,{'peggedUSD': 1632505.08},{'peggedUSD': 0},{'peggedUSD': 1632505.08},{'peggedUSD': 0},{'peggedUSD': 1632505.08}
1677628800,{'peggedUSD': 1637674.33},{'peggedUSD': 0},{'peggedUSD': 1637838.1},{'peggedUSD': 0},{'peggedUSD': 1637838.1}
1677715200,{'peggedUSD': 1570814.34},{'peggedUSD': 0},{'peggedUSD': 1570986.6},{'peggedUSD': 0},{'peggedUSD': 1570986.6}
1677801600,{'peggedUSD': 1569454.52},{'peggedUSD': 0},{'peggedUSD': 1569460.15},{'peggedUSD': 0},{'peggedUSD': 1569460.15}
1677888000,{'peggedUSD': 1556985.25},{'peggedUSD': 0},{'peggedUSD': 1557078.67},{'peggedUSD': 0},{'peggedUSD': 1557078.67}
1677974400,{'peggedUSD': 1550869.93},{'peggedUSD': 0},{'peggedUSD': 1550931.96},{'peggedUSD': 0},{'peggedUSD': 1550931.96}
1678060800,{'peggedUSD': 1550346.94},{'peggedUSD': 0},{'peggedUSD': 1550501.98},{'peggedUSD': 0},{'peggedUSD': 1550501.98}
1678147200,{'peggedUSD': 1502586.69},{'peggedUSD': 0},{'peggedUSD': 1502541.62},{'peggedUSD': 0},{'peggedUSD': 1502541.62}
1678233600,{'peggedUSD': 1500644.64},{'peggedUSD': 0},{'peggedUSD': 1500497.65},{'peggedUSD': 0},{'peggedUSD': 1500497.65}
1678320000,{'peggedUSD': 1482629.85},{'peggedUSD': 0},{'peggedUSD': 1482481.58},{'peggedUSD': 0},{'peggedUSD': 1482481.58}
1678406400,{'peggedUSD': 1449742.37},{'peggedUSD': 0},{'peggedUSD': 1449597.39},{'peggedUSD': 0},{'peggedUSD': 1449597.39}
1678492800,{'peggedUSD': 1445337.24},{'peggedUSD': 0},{'peggedUSD': 1449673.25},{'peggedUSD': 0},{'peggedUSD': 1449673.25}
1678579200,{'peggedUSD': 1300943.61},{'peggedUSD': 0},{'peggedUSD': 1300943.61},{'peggedUSD': 0},{'peggedUSD': 1300943.61}
1678665600,{'peggedUSD': 1300338.35},{'peggedUSD': 0},{'peggedUSD': 1313341.74},{'peggedUSD': 0},{'peggedUSD': 1313341.74}
1678752000,{'peggedUSD': 1310635.95},{'peggedUSD': 0},{'peggedUSD': 1315878.5},{'peggedUSD': 0},{'peggedUSD': 1315878.5}
1678838400,{'peggedUSD': 1334700.07},{'peggedUSD': 0},{'peggedUSD': 1336034.77},{'peggedUSD': 0},{'peggedUSD': 1336034.77}
1678924800,{'peggedUSD': 1340648.38},{'peggedUSD': 0},{'peggedUSD': 1348692.27},{'peggedUSD': 0},{'peggedUSD': 1348692.27}
1679011200,{'peggedUSD': 1338278.58},{'peggedUSD': 0},{'peggedUSD': 1346308.25},{'peggedUSD': 0},{'peggedUSD': 1346308.25}
1679097600,{'peggedUSD': 1473468.19},{'peggedUSD': 0},{'peggedUSD': 1480835.53},{'peggedUSD': 0},{'peggedUSD': 1480835.53}
1679184000,{'peggedUSD': 1367099.08},{'peggedUSD': 0},{'peggedUSD': 1378035.88},{'peggedUSD': 0},{'peggedUSD': 1378035.88}
1679270400,{'peggedUSD': 1377398.18},{'peggedUSD': 0},{'peggedUSD': 1387039.97},{'peggedUSD': 0},{'peggedUSD': 1387039.97}
1679356800,{'peggedUSD': 1376370.16},{'peggedUSD': 0},{'peggedUSD': 1391510.24},{'peggedUSD': 0},{'peggedUSD': 1391510.24}
1679443200,{'peggedUSD': 1374095.35},{'peggedUSD': 0},{'peggedUSD': 1382339.92},{'peggedUSD': 0},{'peggedUSD': 1382339.92}
1679529600,{'peggedUSD': 1374363.53},{'peggedUSD': 0},{'peggedUSD': 1382609.71},{'peggedUSD': 0},{'peggedUSD': 1382609.71}
1679616000,{'peggedUSD': 1374163.73},{'peggedUSD': 0},{'peggedUSD': 1381034.55},{'peggedUSD': 0},{'peggedUSD': 1381034.55}
1679702400,{'peggedUSD': 1215834.94},{'peggedUSD': 0},{'peggedUSD': 1224345.78},{'peggedUSD': 0},{'peggedUSD': 1224345.78}
1679788800,{'peggedUSD': 1182000.04},{'peggedUSD': 0},{'peggedUSD': 1191456.04},{'peggedUSD': 0},{'peggedUSD': 1191456.04}
1679875200,{'peggedUSD': 1186021.15},{'peggedUSD': 0},{'peggedUSD': 1187207.18},{'peggedUSD': 0},{'peggedUSD': 1187207.18}
1679961600,{'peggedUSD': 1210888.15},{'peggedUSD': 0},{'peggedUSD': 1212099.04},{'peggedUSD': 0},{'peggedUSD': 1212099.04}
1680048000,{'peggedUSD': 1211362},{'peggedUSD': 0},{'peggedUSD': 1212573.37},{'peggedUSD': 0},{'peggedUSD': 1212573.37}
1680134400,{'peggedUSD': 1217222.11},{'peggedUSD': 0},{'peggedUSD': 1217222.11},{'peggedUSD': 0},{'peggedUSD': 1217222.11}
1680220800,{'peggedUSD': 1228394.42},{'peggedUSD': 0},{'peggedUSD': 1232079.61},{'peggedUSD': 0},{'peggedUSD': 1232079.61}
1680307200,{'peggedUSD': 1227118.33},{'peggedUSD': 0},{'peggedUSD': 1228345.45},{'peggedUSD': 0},{'peggedUSD': 1228345.45}
1680393600,{'peggedUSD': 1227118.33},{'peggedUSD': 0},{'peggedUSD': 1228345.45},{'peggedUSD': 0},{'peggedUSD': 1228345.45}
1680480000,{'peggedUSD': 1227927.6},{'peggedUSD': 0},{'peggedUSD': 1230383.45},{'peggedUSD': 0},{'peggedUSD': 1230383.45}
1680566400,{'peggedUSD': 1227116.6},{'peggedUSD': 0},{'peggedUSD': 1229570.83},{'peggedUSD': 0},{'peggedUSD': 1229570.83}
1680652800,{'peggedUSD': 1228208.77},{'peggedUSD': 0},{'peggedUSD': 1229436.98},{'peggedUSD': 0},{'peggedUSD': 1229436.98}
1680739200,{'peggedUSD': 1227985.76},{'peggedUSD': 0},{'peggedUSD': 1229213.74},{'peggedUSD': 0},{'peggedUSD': 1229213.74}
1680825600,{'peggedUSD': 1227985.76},{'peggedUSD': 0},{'peggedUSD': 1229213.74},{'peggedUSD': 0},{'peggedUSD': 1229213.74}
1680912000,{'peggedUSD': 1227985.76},{'peggedUSD': 0},{'peggedUSD': 1229213.74},{'peggedUSD': 0},{'peggedUSD': 1229213.74}
1680998400,{'peggedUSD': 1227985.76},{'peggedUSD': 0},{'peggedUSD': 1230441.73},{'peggedUSD': 0},{'peggedUSD': 1230441.73}
1681084800,{'peggedUSD': 1220561.82},{'peggedUSD': 0},{'peggedUSD': 1220561.82},{'peggedUSD': 0},{'peggedUSD': 1220561.82}
1681171200,{'peggedUSD': 1228522.24},{'peggedUSD': 0},{'peggedUSD': 1230979.28},{'peggedUSD': 0},{'peggedUSD': 1230979.28}
1681257600,{'peggedUSD': 1218033.57},{'peggedUSD': 0},{'peggedUSD': 1219251.6},{'peggedUSD': 0},{'peggedUSD': 1219251.6}
1681344000,{'peggedUSD': 1215283.57},{'peggedUSD': 0},{'peggedUSD': 1217714.14},{'peggedUSD': 0},{'peggedUSD': 1217714.14}
1681430400,{'peggedUSD': 1214106.28},{'peggedUSD': 0},{'peggedUSD': 1217748.6},{'peggedUSD': 0},{'peggedUSD': 1217748.6}
1681516800,{'peggedUSD': 1219100.87},{'peggedUSD': 0},{'peggedUSD': 1221539.07},{'peggedUSD': 0},{'peggedUSD': 1221539.07}
1681603200,{'peggedUSD': 1219100.87},{'peggedUSD': 0},{'peggedUSD': 1220319.97},{'peggedUSD': 0},{'peggedUSD': 1220319.97}
1681689600,{'peggedUSD': 1224095.46},{'peggedUSD': 0},{'peggedUSD': 1224095.46},{'peggedUSD': 0},{'peggedUSD': 1224095.46}
1681776000,{'peggedUSD': 1224095.46},{'peggedUSD': 0},{'peggedUSD': 1225319.56},{'peggedUSD': 0},{'peggedUSD': 1225319.56}
1681862400,{'peggedUSD': 1222388.25},{'peggedUSD': 0},{'peggedUSD': 1222388.25},{'peggedUSD': 0},{'peggedUSD': 1222388.25}
1681948800,{'peggedUSD': 1222403.6},{'peggedUSD': 0},{'peggedUSD': 1223626},{'peggedUSD': 0},{'peggedUSD': 1223626}
1682035200,{'peggedUSD': 1220011.49},{'peggedUSD': 0},{'peggedUSD': 1220011.49},{'peggedUSD': 0},{'peggedUSD': 1220011.49}
1682121600,{'peggedUSD': 1221057.62},{'peggedUSD': 0},{'peggedUSD': 1221057.62},{'peggedUSD': 0},{'peggedUSD': 1221057.62}
1682208000,{'peggedUSD': 1211057.62},{'peggedUSD': 0},{'peggedUSD': 1212268.68},{'peggedUSD': 0},{'peggedUSD': 1212268.68}
1682294400,{'peggedUSD': 1211273.79},{'peggedUSD': 0},{'peggedUSD': 1212485.06},{'peggedUSD': 0},{'peggedUSD': 1212485.06}
1682380800,{'peggedUSD': 1211273.79},{'peggedUSD': 0},{'peggedUSD': 1212485.06},{'peggedUSD': 0},{'peggedUSD': 1212485.06}
1682467200,{'peggedUSD': 1203151.5},{'peggedUSD': 0},{'peggedUSD': 1203151.5},{'peggedUSD': 0},{'peggedUSD': 1203151.5}
1682553600,{'peggedUSD': 1207016.02},{'peggedUSD': 0},{'peggedUSD': 1210637.07},{'peggedUSD': 0},{'peggedUSD': 1210637.07}
1682640000,{'peggedUSD': 1202878.37},{'peggedUSD': 0},{'peggedUSD': 1205284.12},{'peggedUSD': 0},{'peggedUSD': 1205284.12}
1682726400,{'peggedUSD': 1213033.2},{'peggedUSD': 0},{'peggedUSD': 1215459.27},{'peggedUSD': 0},{'peggedUSD': 1215459.27}
1682812800,{'peggedUSD': 1218123.7},{'peggedUSD': 0},{'peggedUSD': 1219341.82},{'peggedUSD': 0},{'peggedUSD': 1219341.82}
1682899200,{'peggedUSD': 1214601.05},{'peggedUSD': 0},{'peggedUSD': 1215815.65},{'peggedUSD': 0},{'peggedUSD': 1215815.65}
1682985600,{'peggedUSD': 1213430.07},{'peggedUSD': 0},{'peggedUSD': 1214643.5},{'peggedUSD': 0},{'peggedUSD': 1214643.5}
1683072000,{'peggedUSD': 1213942.26},{'peggedUSD': 0},{'peggedUSD': 1216370.15},{'peggedUSD': 0},{'peggedUSD': 1216370.15}
1683158400,{'peggedUSD': 1213942.26},{'peggedUSD': 0},{'peggedUSD': 1215156.2},{'peggedUSD': 0},{'peggedUSD': 1215156.2}
1683244800,{'peggedUSD': 1211274.85},{'peggedUSD': 0},{'peggedUSD': 1211274.85},{'peggedUSD': 0},{'peggedUSD': 1211274.85}
1683331200,{'peggedUSD': 1205083},{'peggedUSD': 0},{'peggedUSD': 1207493.17},{'peggedUSD': 0},{'peggedUSD': 1207493.17}
1683417600,{'peggedUSD': 1205083},{'peggedUSD': 0},{'peggedUSD': 1207493.17},{'peggedUSD': 0},{'peggedUSD': 1207493.17}
1683504000,{'peggedUSD': 1205463.96},{'peggedUSD': 0},{'peggedUSD': 1205171.03},{'peggedUSD': 0},{'peggedUSD': 1205171.03}
1683590400,{'peggedUSD': 1206562.51},{'peggedUSD': 0},{'peggedUSD': 1207769.08},{'peggedUSD': 0},{'peggedUSD': 1207769.08}
1683676800,{'peggedUSD': 1204838.34},{'peggedUSD': 0},{'peggedUSD': 1207248.02},{'peggedUSD': 0},{'peggedUSD': 1207248.02}
1683763200,{'peggedUSD': 1195027.59},{'peggedUSD': 0},{'peggedUSD': 1196222.61},{'peggedUSD': 0},{'peggedUSD': 1196222.61}
1683849600,{'peggedUSD': 1178200.71},{'peggedUSD': 0},{'peggedUSD': 1179378.91},{'peggedUSD': 0},{'peggedUSD': 1179378.91}
1683936000,{'peggedUSD': 1183185.8},{'peggedUSD': 0},{'peggedUSD': 1185552.17},{'peggedUSD': 0},{'peggedUSD': 1185552.17}
1684022400,{'peggedUSD': 1183185.8},{'peggedUSD': 0},{'peggedUSD': 1184368.99},{'peggedUSD': 0},{'peggedUSD': 1184368.99}
1684108800,{'peggedUSD': 1183185.8},{'peggedUSD': 0},{'peggedUSD': 1184368.99},{'peggedUSD': 0},{'peggedUSD': 1184368.99}
1684195200,{'peggedUSD': 1183185.8},{'peggedUSD': 0},{'peggedUSD': 1184368.99},{'peggedUSD': 0},{'peggedUSD': 1184368.99}
1684281600,{'peggedUSD': 1183185.8},{'peggedUSD': 0},{'peggedUSD': 1184368.99},{'peggedUSD': 0},{'peggedUSD': 1184368.99}
1684368000,{'peggedUSD': 1183185.8},{'peggedUSD': 0},{'peggedUSD': 1183185.8},{'peggedUSD': 0},{'peggedUSD': 1183185.8}
1684454400,{'peggedUSD': 1188175.69},{'peggedUSD': 0},{'peggedUSD': 1188175.69},{'peggedUSD': 0},{'peggedUSD': 1188175.69}
1684540800,{'peggedUSD': 1188175.69},{'peggedUSD': 0},{'peggedUSD': 1188175.69},{'peggedUSD': 0},{'peggedUSD': 1188175.69}
1684627200,{'peggedUSD': 1193075.88},{'peggedUSD': 0},{'peggedUSD': 1194268.95},{'peggedUSD': 0},{'peggedUSD': 1194268.95}
1684713600,{'peggedUSD': 1203055.67},{'peggedUSD': 0},{'peggedUSD': 1203055.67},{'peggedUSD': 0},{'peggedUSD': 1203055.67}
1684800000,{'peggedUSD': 1204999.46},{'peggedUSD': 0},{'peggedUSD': 1204999.46},{'peggedUSD': 0},{'peggedUSD': 1204999.46}
1684886400,{'peggedUSD': 1155234.53},{'peggedUSD': 0},{'peggedUSD': 1156389.77},{'peggedUSD': 0},{'peggedUSD': 1156389.77}
1684972800,{'peggedUSD': 1156942.99},{'peggedUSD': 0},{'peggedUSD': 1156942.99},{'peggedUSD': 0},{'peggedUSD': 1156942.99}
1685059200,{'peggedUSD': 1156942.99},{'peggedUSD': 0},{'peggedUSD': 1156731.27},{'peggedUSD': 0},{'peggedUSD': 1156731.27}
1685145600,{'peggedUSD': 1157047.92},{'peggedUSD': 0},{'peggedUSD': 1157047.92},{'peggedUSD': 0},{'peggedUSD': 1157047.92}
1685232000,{'peggedUSD': 1157047.92},{'peggedUSD': 0},{'peggedUSD': 1156794.53},{'peggedUSD': 0},{'peggedUSD': 1156794.53}
1685318400,{'peggedUSD': 1157047.92},{'peggedUSD': 0},{'peggedUSD': 1158204.97},{'peggedUSD': 0},{'peggedUSD': 1158204.97}
1685404800,{'peggedUSD': 1163247.3},{'peggedUSD': 0},{'peggedUSD': 1162685.45},{'peggedUSD': 0},{'peggedUSD': 1162685.45}
1685491200,{'peggedUSD': 1147586.59},{'peggedUSD': 0},{'peggedUSD': 1147238.87},{'peggedUSD': 0},{'peggedUSD': 1147238.87}
1685577600,{'peggedUSD': 1147586.59},{'peggedUSD': 0},{'peggedUSD': 1148734.17},{'peggedUSD': 0},{'peggedUSD': 1148734.17}
1685664000,{'peggedUSD': 1147586.59},{'peggedUSD': 0},{'peggedUSD': 1147545.27},{'peggedUSD': 0},{'peggedUSD': 1147545.27}
1685750400,{'peggedUSD': 1137280.08},{'peggedUSD': 0},{'peggedUSD': 1138417.36},{'peggedUSD': 0},{'peggedUSD': 1138417.36}
1685836800,{'peggedUSD': 1137280.08},{'peggedUSD': 0},{'peggedUSD': 1137280.08},{'peggedUSD': 0},{'peggedUSD': 1137280.08}
1685923200,{'peggedUSD': 1136576.17},{'peggedUSD': 0},{'peggedUSD': 1136576.17},{'peggedUSD': 0},{'peggedUSD': 1136576.17}
1686009600,{'peggedUSD': 1126576.17},{'peggedUSD': 0},{'peggedUSD': 1126576.17},{'peggedUSD': 0},{'peggedUSD': 1126576.17}
1686096000,{'peggedUSD': 1126576.17},{'peggedUSD': 0},{'peggedUSD': 1126542.37},{'peggedUSD': 0},{'peggedUSD': 1126542.37}
1686182400,{'peggedUSD': 1127575.64},{'peggedUSD': 0},{'peggedUSD': 1128703.22},{'peggedUSD': 0},{'peggedUSD': 1128703.22}
1686268800,{'peggedUSD': 1127575.64},{'peggedUSD': 0},{'peggedUSD': 1129830.79},{'peggedUSD': 0},{'peggedUSD': 1129830.79}
1686355200,{'peggedUSD': 1071118.68},{'peggedUSD': 0},{'peggedUSD': 1071084.4},{'peggedUSD': 0},{'peggedUSD': 1071084.4}
1686441600,{'peggedUSD': 1062354.86},{'peggedUSD': 0},{'peggedUSD': 1063417.21},{'peggedUSD': 0},{'peggedUSD': 1063417.21}
1686528000,{'peggedUSD': 1062354.86},{'peggedUSD': 0},{'peggedUSD': 1063417.21},{'peggedUSD': 0},{'peggedUSD': 1063417.21}
1686614400,{'peggedUSD': 1058014.47},{'peggedUSD': 0},{'peggedUSD': 1057800.75},{'peggedUSD': 0},{'peggedUSD': 1057800.75}
1686700800,{'peggedUSD': 1052473.26},{'peggedUSD': 0},{'peggedUSD': 1052473.26},{'peggedUSD': 0},{'peggedUSD': 1052473.26}
1686787200,{'peggedUSD': 1067453.9},{'peggedUSD': 0},{'peggedUSD': 1067453.9},{'peggedUSD': 0},{'peggedUSD': 1067453.9}
1686873600,{'peggedUSD': 1078692.08},{'peggedUSD': 0},{'peggedUSD': 1076974.8},{'peggedUSD': 0},{'peggedUSD': 1076974.8}
1686960000,{'peggedUSD': 1084184.54},{'peggedUSD': 0},{'peggedUSD': 1083428.86},{'peggedUSD': 0},{'peggedUSD': 1083428.86}
1687046400,{'peggedUSD': 1090178.46},{'peggedUSD': 0},{'peggedUSD': 1089947.34},{'peggedUSD': 0},{'peggedUSD': 1089947.34}
1687132800,{'peggedUSD': 1096172.38},{'peggedUSD': 0},{'peggedUSD': 1095755.84},{'peggedUSD': 0},{'peggedUSD': 1095755.84}
1687219200,{'peggedUSD': 1101163.68},{'peggedUSD': 0},{'peggedUSD': 1100690.18},{'peggedUSD': 0},{'peggedUSD': 1100690.18}
1687305600,{'peggedUSD': 1112607.46},{'peggedUSD': 0},{'peggedUSD': 1115945.28},{'peggedUSD': 0},{'peggedUSD': 1115945.28}
1687392000,{'peggedUSD': 1108750.88},{'peggedUSD': 0},{'peggedUSD': 1108284.1},{'peggedUSD': 0},{'peggedUSD': 1108284.1}
1687478400,{'peggedUSD': 1102282.2},{'peggedUSD': 0},{'peggedUSD': 1101438.96},{'peggedUSD': 0},{'peggedUSD': 1101438.96}
1687564800,{'peggedUSD': 1102282.2},{'peggedUSD': 0},{'peggedUSD': 1101520.53},{'peggedUSD': 0},{'peggedUSD': 1101520.53}
1687651200,{'peggedUSD': 1102282.2},{'peggedUSD': 0},{'peggedUSD': 1104486.77},{'peggedUSD': 0},{'peggedUSD': 1104486.77}
1687737600,{'peggedUSD': 1102282.2},{'peggedUSD': 0},{'peggedUSD': 1101943.8},{'peggedUSD': 0},{'peggedUSD': 1101943.8}
1687824000,{'peggedUSD': 1091270.4},{'peggedUSD': 0},{'peggedUSD': 1091247.49},{'peggedUSD': 0},{'peggedUSD': 1091247.49}
1687910400,{'peggedUSD': 1091270.4},{'peggedUSD': 0},{'peggedUSD': 1094544.22},{'peggedUSD': 0},{'peggedUSD': 1094544.22}
1687996800,{'peggedUSD': 1091270.4},{'peggedUSD': 0},{'peggedUSD': 1090107.11},{'peggedUSD': 0},{'peggedUSD': 1090107.11}
1688083200,{'peggedUSD': 1091270.4},{'peggedUSD': 0},{'peggedUSD': 1091059.79},{'peggedUSD': 0},{'peggedUSD': 1091059.79}
1688169600,{'peggedUSD': 1090828.38},{'peggedUSD': 0},{'peggedUSD': 1090828.38},{'peggedUSD': 0},{'peggedUSD': 1090828.38}
1688256000,{'peggedUSD': 1076880.05},{'peggedUSD': 0},{'peggedUSD': 1076659.28},{'peggedUSD': 0},{'peggedUSD': 1076659.28}
1688342400,{'peggedUSD': 1076880.05},{'peggedUSD': 0},{'peggedUSD': 1076708.82},{'peggedUSD': 0},{'peggedUSD': 1076708.82}
1688428800,{'peggedUSD': 1076880.05},{'peggedUSD': 0},{'peggedUSD': 1076880.05},{'peggedUSD': 0},{'peggedUSD': 1076880.05}
1688515200,{'peggedUSD': 1077457.02},{'peggedUSD': 0},{'peggedUSD': 1077457.02},{'peggedUSD': 0},{'peggedUSD': 1077457.02}
1688601600,{'peggedUSD': 1077457.02},{'peggedUSD': 0},{'peggedUSD': 1076960.31},{'peggedUSD': 0},{'peggedUSD': 1076960.31}
1688688000,{'peggedUSD': 1077395.72},{'peggedUSD': 0},{'peggedUSD': 1076772.98},{'peggedUSD': 0},{'peggedUSD': 1076772.98}
1688774400,{'peggedUSD': 1045931.93},{'peggedUSD': 0},{'peggedUSD': 1046977.87},{'peggedUSD': 0},{'peggedUSD': 1046977.87}
1688860800,{'peggedUSD': 1045931.93},{'peggedUSD': 0},{'peggedUSD': 1045931.93},{'peggedUSD': 0},{'peggedUSD': 1045931.93}
1688947200,{'peggedUSD': 1045931.93},{'peggedUSD': 0},{'peggedUSD': 1045142.26},{'peggedUSD': 0},{'peggedUSD': 1045142.26}
1689033600,{'peggedUSD': 1035931.93},{'peggedUSD': 0},{'peggedUSD': 1035667.77},{'peggedUSD': 0},{'peggedUSD': 1035667.77}
1689120000,{'peggedUSD': 1021853.26},{'peggedUSD': 0},{'peggedUSD': 1021853.26},{'peggedUSD': 0},{'peggedUSD': 1021853.26}
1689206400,{'peggedUSD': 1021853.26},{'peggedUSD': 0},{'peggedUSD': 1021853.26},{'peggedUSD': 0},{'peggedUSD': 1021853.26}
1689292800,{'peggedUSD': 1021853.26},{'peggedUSD': 0},{'peggedUSD': 1022875.11},{'peggedUSD': 0},{'peggedUSD': 1022875.11}
1689379200,{'peggedUSD': 1021853.26},{'peggedUSD': 0},{'peggedUSD': 1022875.11},{'peggedUSD': 0},{'peggedUSD': 1022875.11}
1689465600,{'peggedUSD': 1021853.26},{'peggedUSD': 0},{'peggedUSD': 1022875.11},{'peggedUSD': 0},{'peggedUSD': 1022875.11}
1689552000,{'peggedUSD': 1022334.24},{'peggedUSD': 0},{'peggedUSD': 1022334.24},{'peggedUSD': 0},{'peggedUSD': 1022334.24}
1689638400,{'peggedUSD': 1022334.24},{'peggedUSD': 0},{'peggedUSD': 1022334.24},{'peggedUSD': 0},{'peggedUSD': 1022334.24}
1689724800,{'peggedUSD': 1025290.5},{'peggedUSD': 0},{'peggedUSD': 1025290.5},{'peggedUSD': 0},{'peggedUSD': 1025290.5}
1689811200,{'peggedUSD': 1025041.79},{'peggedUSD': 0},{'peggedUSD': 1024744.53},{'peggedUSD': 0},{'peggedUSD': 1024744.53}
1689897600,{'peggedUSD': 1025041.79},{'peggedUSD': 0},{'peggedUSD': 1025041.79},{'peggedUSD': 0},{'peggedUSD': 1025041.79}
1689984000,{'peggedUSD': 1022448.54},{'peggedUSD': 0},{'peggedUSD': 1022448.54},{'peggedUSD': 0},{'peggedUSD': 1022448.54}
1690070400,{'peggedUSD': 1022160.76},{'peggedUSD': 0},{'peggedUSD': 1023182.92},{'peggedUSD': 0},{'peggedUSD': 1023182.92}
1690156800,{'peggedUSD': 1014046.62},{'peggedUSD': 0},{'peggedUSD': 1014046.62},{'peggedUSD': 0},{'peggedUSD': 1014046.62}
1690243200,{'peggedUSD': 1002602.62},{'peggedUSD': 0},{'peggedUSD': 1002464.26},{'peggedUSD': 0},{'peggedUSD': 1002464.26}
1690329600,{'peggedUSD': 1003771.14},{'peggedUSD': 0},{'peggedUSD': 1003771.14},{'peggedUSD': 0},{'peggedUSD': 1003771.14}
1690416000,{'peggedUSD': 1001982.64},{'peggedUSD': 0},{'peggedUSD': 1002984.62},{'peggedUSD': 0},{'peggedUSD': 1002984.62}
1690502400,{'peggedUSD': 1005579.94},{'peggedUSD': 0},{'peggedUSD': 1005522.62},{'peggedUSD': 0},{'peggedUSD': 1005522.62}
1690588800,{'peggedUSD': 1005648.05},{'peggedUSD': 0},{'peggedUSD': 1005648.05},{'peggedUSD': 0},{'peggedUSD': 1005648.05}
1690675200,{'peggedUSD': 1005648.05},{'peggedUSD': 0},{'peggedUSD': 1005294.06},{'peggedUSD': 0},{'peggedUSD': 1005294.06}
1690761600,{'peggedUSD': 999034.77},{'peggedUSD': 0},{'peggedUSD': 999034.77},{'peggedUSD': 0},{'peggedUSD': 999034.77}
1690848000,{'peggedUSD': 988416.28},{'peggedUSD': 0},{'peggedUSD': 988337.21},{'peggedUSD': 0},{'peggedUSD': 988337.21}
1690934400,{'peggedUSD': 989806.03},{'peggedUSD': 0},{'peggedUSD': 989600.15},{'peggedUSD': 0},{'peggedUSD': 989600.15}
1691020800,{'peggedUSD': 991106.67},{'peggedUSD': 0},{'peggedUSD': 990062.04},{'peggedUSD': 0},{'peggedUSD': 990062.04}
